0,0,200.18621064722538,748.432249546051,310.2164307832718
0,1,67.94541804492474,813.000039100647,223.37723863124847
0,2,52.73533375561237,812.448361158371,220.7165893316269
0,3,44.64545363932848,803.9857614040375,229.00012403726578
0,4,38.068220257759094,792.8671674728394,240.54181003570557
0,5,31.869115080684423,785.0538339614868,248.1362520456314
0,6,28.54751961119473,776.5332989692688,256.9264597296715
0,7,24.584689578041434,770.5096764564514,262.1348721385002
0,8,26.43541692197323,769.7850477695465,263.26873859763145
0,9,19.59709700755775,761.6138341426849,270.31047827005386
1,0,168.94352570176125,689.8394620418549,261.6205812096596
1,1,46.93402003496885,722.214914560318,176.41141879558563
1,2,35.208722315728664,721.7879071235657,172.4395307302475
1,3,31.45342668890953,719.1182687282562,174.44696348905563
1,4,28.76942954212427,715.2916262149811,178.07982018589973
1,5,24.54143525287509,712.4482424259186,181.3228661119938
1,6,21.98849542066455,708.8519468307495,185.96426784992218
1,7,20.155506808310747,705.7889139652252,188.0076635479927
1,8,17.90794954262674,702.5460114479065,191.01763805747032
1,9,17.082209832966328,700.5981998443604,194.28771859407425
2,0,157.56270433962345,606.2366099357605,226.95898401737213
2,1,34.5403521284461,608.1493895053864,133.39356818795204
2,2,25.58747809380293,607.13631772995,128.83996015787125
2,3,22.546607442200184,606.1393368244171,127.79673045873642
2,4,21.21008386462927,605.0091116428375,128.84229308366776
2,5,18.97079072520137,603.2693333625793,130.3142663538456
2,6,18.68583409115672,602.8647224903107,130.87294483184814
2,7,16.72578566148877,601.0739085674286,132.23684898018837
2,8,15.024110930040479,599.354986667633,133.91251063346863
2,9,14.27673877030611,598.3072443008423,135.27575433254242
3,0,150.4639625325799,547.6337859630585,203.16228556632996
3,1,28.67334186285734,528.7122731208801,109.95195296406746
3,2,20.64291939139366,525.169869184494,104.39643490314484
3,3,18.77701284363866,524.5204231739044,102.73981189727783
3,4,17.032053843140602,523.7402453422546,102.49840167164803
3,5,15.487836513668299,522.4393668174744,102.49278953671455
3,6,15.421610988676548,522.4049034118652,103.12713572382927
3,7,14.316092763096094,521.135959148407,103.38630777597427
3,8,13.424084082245827,520.8309347629547,104.45736828446388
3,9,13.234752830117941,520.4946053028107,104.44877961277962
4,0,141.87209636718035,544.9049623012543,197.80349269509315
4,1,29.623785242438316,526.0897114276886,108.58856889605522
4,2,19.896687503904104,522.7137608528137,102.24255591630936
4,3,18.6004004701972,521.6160261631012,101.26528772711754
4,4,17.399364840239286,521.2708854675293,100.92111963033676
4,5,17.534869592636824,521.1212804317474,101.16292786598206
4,6,15.545231316238642,519.7530539035797,100.83057472109795
4,7,15.251621834933758,519.359375,101.49677008390427
4,8,14.279225271195173,518.9002499580383,102.09095081686974
4,9,13.13035000860691,517.686329126358,102.84859809279442
5,0,154.3841429874301,545.6674067974091,204.53226310014725
5,1,30.574442464858294,526.6128287315369,110.63500759005547
5,2,22.13542304560542,523.5321109294891,104.17264753580093
5,3,19.074917312711477,521.5637032985687,102.1247530579567
5,4,17.47655177488923,521.0835101604462,101.04769000411034
5,5,16.375412557274103,520.2072322368622,101.08485835790634
5,6,15.512863956391811,519.0923688411713,101.62919813394547
5,7,14.575830552726984,518.4736092090607,102.26684358716011
5,8,13.205165307968855,517.1598823070526,102.7951630949974
5,9,12.403635835275054,516.2943141460419,104.19253513216972
6,0,146.4205154851079,544.2247216701508,197.87738692760468
6,1,26.66797547414899,525.1103208065033,107.05215308070183
6,2,21.60113837197423,522.5553135871887,102.65651258826256
6,3,18.823570661246777,521.3527903556824,101.12675723433495
6,4,17.462662935256958,520.31529545784,100.59631273150444
6,5,16.39716635271907,519.7979693412781,100.35023579001427
6,6,16.347345374524593,519.4400637149811,100.92443862557411
6,7,15.187116257846355,518.9441783428192,100.86213254928589
6,8,14.414295628666878,517.7185199260712,101.18561273813248
6,9,14.504564192146063,517.9772524833679,102.12796241044998
7,0,157.3848453760147,545.6990633010864,207.7374991774559
7,1,29.521778263151646,525.8947756290436,109.94800677895546
7,2,21.807689178735018,522.8703064918518,103.23478981852531
7,3,20.238147243857384,521.3524081707001,102.21607112884521
7,4,17.229264698922634,520.3907368183136,100.38851118087769
7,5,16.05171089619398,519.1802906990051,100.49016597867012
7,6,16.105474822223186,518.7557022571564,100.9225222170353
7,7,15.05536949634552,518.208087682724,101.28088039159775
7,8,13.88401086628437,517.5497868061066,102.14381819963455
7,9,13.29103172942996,516.9777071475983,103.05938813090324
8,0,147.44746639579535,545.0218820571899,199.94688886404037
8,1,28.06202196329832,526.0054740905762,108.32245591282845
8,2,21.057336077094078,522.61612200737,103.04849150776863
8,3,17.895532324910164,521.4441187381744,100.80828443169594
8,4,17.6241401322186,520.5458989143372,100.67462626099586
8,5,16.440280865877867,519.7849326133728,100.52985724806786
8,6,15.708706457167864,518.9934747219086,100.36908727884293
8,7,15.583797737956047,519.0395679473877,100.88558006286621
8,8,15.186441130936146,518.1643116474152,101.32211908698082
8,9,14.37445079907775,517.6092677116394,101.27883517742157
9,0,150.89489748328924,544.7793419361115,203.48519557714462
9,1,27.34732872247696,525.5205459594727,107.3935079574585
9,2,20.454086896032095,522.1577641963959,102.29567456245422
9,3,19.00879494845867,521.2824823856354,101.48400765657425
9,4,17.772274415940046,520.6410772800446,100.42245191335678
9,5,16.659132435917854,519.6855230331421,100.0966168642044
9,6,15.960181139409542,519.09455037117,100.1685191988945
9,7,15.51685793697834,518.8473508358002,100.6041559278965
9,8,15.14358925074339,518.4578809738159,100.89838287234306
9,9,14.150837693363428,517.4879863262177,101.54563453793526
10,0,149.34870662540197,545.9754943847656,201.76642444729805
10,1,28.742957264184952,525.4145002365112,108.34465923905373
10,2,20.972529985010624,522.5776288509369,103.00256901979446
10,3,18.168737150728703,521.2609024047852,100.5886637866497
10,4,18.03171932324767,520.3326191902161,100.62377932667732
10,5,16.696346934884787,519.8081610202789,99.97099336981773
10,6,15.976290304213762,518.9756689071655,100.4113866686821
10,7,15.75589732825756,518.9975299835205,100.0349560379982
10,8,14.988569635897875,518.0492677688599,100.65466225147247
10,9,14.678313333541155,517.390433549881,101.7267254292965
11,0,156.70629527419806,546.0668807029724,207.48040288686752
11,1,30.031703606247902,526.0984077453613,110.30908659100533
11,2,21.218456842005253,522.8402669429779,103.03709357976913
11,3,19.181218951940536,521.4158148765564,101.40492931008339
11,4,17.081823714077473,520.2929515838623,100.4513472020626
11,5,17.318052638322115,519.8586382865906,100.45196631550789
11,6,15.772116396576166,519.1024210453033,100.49600473046303
11,7,15.657531041651964,518.6808471679688,100.48650911450386
11,8,14.385001849383116,518.0864427089691,100.97920140624046
11,9,14.796687636524439,517.6705839633942,102.14615613222122
12,0,139.0164187476039,543.8122584819794,194.27115324139595
12,1,27.061406522989273,524.7315227985382,107.07633137702942
12,2,21.279813930392265,522.5484297275543,102.55483970046043
12,3,18.858148142695427,521.0237069129944,101.30962139368057
12,4,17.43415455520153,520.5141031742096,100.27294453978539
12,5,16.56444449722767,519.9863176345825,100.52045485377312
12,6,16.411365147680044,519.3428146839142,100.59154787659645
12,7,15.341132555156946,518.5824935436249,100.95763137936592
12,8,14.910383496433496,517.7436373233795,101.27201327681541
12,9,13.71110912412405,517.3395173549652,101.6251325905323
13,0,138.1954490840435,544.2676820755005,194.666569262743
13,1,26.954705335199833,524.5537700653076,107.0438525378704
13,2,21.35083482041955,522.1675670146942,102.41172137856483
13,3,19.19817017018795,521.0495920181274,101.09948310256004
13,4,17.962039157748222,520.488049030304,100.0247754752636
13,5,17.483901537954807,519.7288382053375,99.7951109111309
13,6,16.266875855624676,519.24622631073,99.64067104458809
13,7,15.60109668597579,518.863917350769,100.28100082278252
13,8,15.121263336390257,518.1548476219177,100.38098421692848
13,9,14.560928367078304,517.8213942050934,101.10860380530357
14,0,143.8957693874836,544.7517697811127,198.48117542266846
14,1,29.822320520877838,525.6224975585938,108.94379559159279
14,2,20.901477709412575,521.9757604598999,102.48701503872871
14,3,18.816312562674284,521.0725271701813,101.08940577507019
14,4,18.171565026044846,520.4242227077484,100.61833390593529
14,5,16.65346324443817,519.6293094158173,100.25501489639282
14,6,16.429665092378855,519.3398423194885,100.27397319674492
14,7,15.273762065917253,518.3488092422485,100.55976530909538
14,8,14.93682424724102,518.0544197559357,101.20008116960526
14,9,14.028581861406565,517.3686974048615,101.49606192111969
15,0,144.88535672426224,544.0761806964874,199.1668620109558
15,1,29.20308343321085,525.7854239940643,108.04823166131973
15,2,20.91224540770054,522.4439122676849,102.34530460834503
15,3,17.92994013428688,520.6587867736816,100.96338459849358
15,4,17.768151327967644,520.318596124649,100.69037675857544
15,5,15.965278901159763,518.9223399162292,99.70430102944374
15,6,15.858507756143808,518.5925614833832,100.40398061275482
15,7,15.07919117063284,518.3237574100494,100.35442838072777
15,8,14.35822569206357,517.6053428649902,101.4632927775383
15,9,13.186707142740488,516.607812166214,102.25794178247452
16,0,142.48726204037666,543.7288401126862,197.05037477612495
16,1,30.14737856388092,526.0603497028351,110.07668694853783
16,2,21.557405941188335,523.2653532028198,103.39521139860153
16,3,19.328703608363867,521.302455663681,101.85413971543312
16,4,17.869766287505627,520.1734285354614,100.57757765054703
16,5,16.479308735579252,519.5560381412506,99.99542146921158
16,6,16.17223086953163,519.2674458026886,100.40288719534874
16,7,15.63745941966772,518.6458621025085,100.76908499002457
16,8,14.440215982496738,517.8260033130646,100.98215347528458
16,9,13.698830462992191,516.7859008312225,102.03529742360115
17,0,143.28938249498606,545.4201893806458,198.04779064655304
17,1,28.663574267178774,524.8460233211517,107.69523271918297
17,2,20.55149992182851,521.9371190071106,102.23022475838661
17,3,19.055422727018595,521.0075051784515,101.16361236572266
17,4,17.382878061383963,520.0864949226379,100.12865594029427
17,5,16.960863452404737,519.6787526607513,100.34400099515915
17,6,15.891599971801043,519.0052919387817,100.03762096166611
17,7,14.974288288503885,517.9301588535309,100.83220818638802
17,8,15.077069234102964,518.5561327934265,100.67131006717682
17,9,14.270105045288801,517.1138546466827,101.48199832439423
18,0,143.29963981360197,543.893417596817,196.62943395972252
18,1,27.521978594362736,524.3806147575378,106.84310567378998
18,2,21.481282375752926,522.4387996196747,102.9428671002388
18,3,18.49602660909295,521.021162033081,100.56285160779953
18,4,17.443405132740736,520.1720485687256,100.15552467107773
18,5,16.72929187119007,519.6349866390228,99.93261817097664
18,6,16.57446550950408,519.2450022697449,100.25116974115372
18,7,15.551774054765701,518.6597063541412,99.9981336593628
18,8,14.996294159442186,518.0882766246796,100.66487002372742
18,9,13.841098114848137,517.33669090271,100.98789969086647
19,0,145.3267546966672,543.8660626411438,199.82840585708618
19,1,28.1630719602108,525.2389681339264,108.54908299446106
19,2,20.47261729091406,522.1578595638275,102.74489852786064
19,3,18.652863323688507,520.9706556797028,100.91589426994324
19,4,17.613989394158125,519.905531167984,100.72685816884041
19,5,16.824587408453226,519.2613477706909,100.61875805258751
19,6,15.539058774709702,518.4378907680511,100.5446865260601
19,7,15.096823148429394,518.169230222702,100.91127625107765
19,8,14.197420362383127,517.1735103130341,101.7084124982357
19,9,13.435422368347645,516.383252620697,102.62371203303337
20,0,155.0738295391202,544.5502967834473,203.66508731245995
20,1,29.54235889017582,525.6636784076691,108.91137951612473
20,2,22.52086218446493,522.4217092990875,103.2725960612297
20,3,19.047864887863398,520.9831421375275,101.1819983124733
20,4,18.560701221227646,520.483389377594,100.94910395145416
20,5,16.501548383384943,519.5736434459686,99.9999912083149
20,6,15.766521215438843,518.6912412643433,100.58986133337021
20,7,14.77686769142747,518.0334281921387,100.8912088572979
20,8,14.085935592651367,517.2452690601349,100.95096045732498
20,9,14.161011796444654,516.9954844713211,101.95867457985878
21,0,149.91431327164173,544.8642883300781,201.21463412046432
21,1,28.446268774569035,525.809319972992,108.85857075452805
21,2,21.383736055344343,522.5751028060913,103.8193125128746
21,3,18.089595537632704,520.8200097084045,101.01709541678429
21,4,17.616840083152056,520.2489240169525,100.74260154366493
21,5,17.128691393882036,519.9411907196045,100.42936939001083
21,6,15.599006589502096,518.788788318634,100.03416952490807
21,7,15.692029222846031,518.3163232803345,100.44108593463898
21,8,14.832165353000164,518.0455636978149,100.82794585824013
21,9,14.050108920782804,517.4151241779327,101.06676614284515
22,0,144.82086668163538,544.6335530281067,199.7157048881054
22,1,28.43772431463003,525.1981983184814,108.11592644453049
22,2,20.845730017870665,522.4462456703186,103.00266176462173
22,3,18.239459235221148,520.697203874588,100.98484632372856
22,4,17.193043928593397,520.4910168647766,100.15443602204323
22,5,16.47330540418625,519.3536183834076,100.28561380505562
22,6,15.512902740389109,518.9912812709808,100.08488965034485
22,7,15.823805309832096,518.7055108547211,100.82491591572762
22,8,15.418718941509724,518.4950890541077,100.8736400604248
22,9,14.46094400063157,517.3409097194672,101.19198694825172
23,0,148.15806917101145,544.9990620613098,200.85644188523293
23,1,29.34188051521778,525.5793304443359,108.21017199754715
23,2,21.343050967901945,522.3576936721802,103.29434123635292
23,3,18.678562078624964,521.1247730255127,101.28908494114876
23,4,17.49520181119442,520.1421434879303,100.1451353430748
23,5,16.594383224844933,519.1949760913849,99.92008510231972
23,6,16.338927939534187,519.2014031410217,100.21025615930557
23,7,14.677171647548676,517.6306846141815,100.58087167143822
23,8,14.945546466857195,517.8960373401642,100.86632576584816
23,9,13.769781690090895,516.709050655365,101.53817358613014
24,0,142.1276840493083,545.1907966136932,197.44376781582832
24,1,28.83741819858551,525.0700573921204,107.96788263320923
24,2,21.29421316459775,522.4244432449341,102.73652252554893
24,3,19.555305674672127,521.1456785202026,100.91361355781555
24,4,17.35989523679018,520.2201142311096,100.22133931517601
24,5,16.995585650205612,519.4752304553986,99.94358944892883
24,6,16.07343888655305,519.1901001930237,99.83523985743523
24,7,15.268063273280859,518.7099523544312,99.84409439563751
24,8,14.968470767140388,518.4120953083038,100.76513031125069
24,9,14.920208550989628,517.3153755664825,101.23755005002022
25,0,154.98286971449852,546.2788922786713,205.74697083234787
25,1,28.31624549999833,525.9186117649078,108.84831729531288
25,2,21.148883808404207,522.1712791919708,103.37955138087273
25,3,18.955025993287563,521.4394536018372,101.80024495720863
25,4,17.71628288179636,520.2561066150665,100.68110367655754
25,5,16.550041399896145,519.5024693012238,100.4050897359848
25,6,16.534778159111738,519.4490835666656,100.64871048927307
25,7,15.811253726482391,518.437757730484,100.86163628101349
25,8,14.804064188152552,517.5785789489746,101.28193381428719
25,9,13.813469756394625,516.7064793109894,101.69753432273865
26,0,147.46191649138927,544.9651808738708,200.4264324605465
26,1,27.841388873755932,525.4639585018158,107.48655200004578
26,2,21.611154060810804,522.8942391872406,102.92823711037636
26,3,18.90047513321042,520.7598578929901,100.83573457598686
26,4,18.188314091414213,520.2194132804871,100.1183665394783
26,5,16.700654659420252,519.9318091869354,99.80273857712746
26,6,15.732672836631536,518.7389578819275,100.08541914820671
26,7,15.465832408517599,518.3245303630829,100.15482503175735
26,8,14.864522997289896,517.9219071865082,100.81998407840729
26,9,14.264823041856289,517.3374712467194,101.30133783817291
27,0,141.68542875349522,543.6570498943329,196.28485518693924
27,1,27.62368382513523,524.9196593761444,107.86786511540413
27,2,22.168310582637787,522.4847571849823,103.31503140926361
27,3,18.487958308309317,520.4973449707031,100.69016569852829
27,4,17.52049795165658,519.8088049888611,100.34566405415535
27,5,16.38672459870577,519.1954004764557,99.72879514098167
27,6,16.07311076298356,519.0172350406647,100.46675869822502
27,7,15.62375457584858,518.5043501853943,100.11615690588951
27,8,14.49083885923028,517.5335648059845,100.59784251451492
27,9,14.131736859679222,517.1215209960938,101.29997396469116
28,0,141.16214231401682,543.7363035678864,197.32166770100594
28,1,28.264144770801067,525.17134308815,107.7056314945221
28,2,21.523311376571655,522.2163002490997,102.9382675588131
28,3,19.432530391961336,521.0326380729675,101.21365493535995
28,4,17.76143953949213,520.1230919361115,100.33806738257408
28,5,16.194806449115276,519.0126614570618,100.04496440291405
28,6,15.420838255435228,518.4963765144348,100.50128269195557
28,7,15.334866799414158,517.8878908157349,101.27282077074051
28,8,14.202538631856441,517.5790863037109,101.29817312955856
28,9,13.589108970016241,516.5825431346893,101.75890922546387
29,0,146.12392239272594,545.9434769153595,200.365338742733
29,1,27.759679652750492,525.4102010726929,108.54111391305923
29,2,22.305570043623447,522.4932324886322,103.79613664746284
29,3,18.50647697597742,520.7644534111023,100.82718753814697
29,4,17.048063162714243,519.9647557735443,100.42942065000534
29,5,16.862070806324482,519.353363275528,100.42878419160843
29,6,15.69543019682169,518.5882172584534,100.06541621685028
29,7,15.576650977134705,517.7706832885742,101.39433312416077
29,8,14.247396245598793,517.0868051052094,101.52757504582405
29,9,13.725265245884657,516.7388825416565,102.01115754246712
30,0,150.18918826431036,544.8482511043549,202.54156059026718
30,1,28.701495584100485,525.9355447292328,108.83920094370842
30,2,21.242522541433573,522.3141729831696,102.73887130618095
30,3,18.826776687055826,521.3379876613617,100.9462408721447
30,4,18.009972881525755,520.3190686702728,100.34050565958023
30,5,16.70194685831666,519.3654475212097,100.01039862632751
30,6,16.062154803425074,518.5284113883972,100.57341575622559
30,7,15.163727886974812,518.2121539115906,100.86199593544006
30,8,14.211930803954601,517.2102131843567,101.36294066905975
30,9,14.410561695694923,517.1588530540466,102.18361499905586
31,0,151.26132299751043,545.692629814148,202.54702347517014
31,1,29.016783334314823,525.3752417564392,108.59733244776726
31,2,20.78750591725111,522.4889278411865,102.58964443206787
31,3,19.468419890850782,520.9361732006073,101.03760069608688
31,4,17.6133378110826,520.4023962020874,100.34959661960602
31,5,18.449983809143305,519.8939442634583,100.6021736562252
31,6,15.937367025762796,518.7491829395294,99.85527008771896
31,7,15.55160865560174,518.2026426792145,100.29276725649834
31,8,15.163637429475784,518.2436988353729,100.71576282382011
31,9,13.72632571682334,516.7752740383148,101.15591588616371
32,0,148.6054366081953,545.1475551128387,202.08717915415764
32,1,27.773888394236565,525.267970085144,108.53942918777466
32,2,21.674022614955902,522.2828466892242,103.41069856286049
32,3,18.484073858708143,520.9476256370544,101.60201239585876
32,4,17.882961217314005,520.1234979629517,100.65280804038048
32,5,16.733774535357952,519.2118775844574,100.66590321063995
32,6,15.809764105826616,518.4011363983154,100.27478927373886
32,7,14.687081545591354,517.5426547527313,101.46276378631592
32,8,14.058497551828623,516.8563454151154,101.7465069591999
32,9,13.617212925106287,516.7475134134293,102.08159616589546
33,0,141.2574763894081,544.9966204166412,197.16213029623032
33,1,27.90062015503645,524.8659768104553,107.54092267155647
33,2,21.473522312939167,522.239627122879,102.97600597143173
33,3,18.857671592384577,521.1583695411682,100.94102817773819
33,4,17.458134524524212,519.8570468425751,100.36882245540619
33,5,17.03052830696106,519.4489727020264,100.3899096250534
33,6,15.96510275453329,518.8132281303406,100.32413738965988
33,7,15.472698699682951,518.2739770412445,100.95942848920822
33,8,14.205954510718584,517.2785997390747,100.99675719439983
33,9,13.967175090685487,517.0402677059174,101.64218769967556
34,0,152.26951621472836,545.5317873954773,204.0667024254799
34,1,28.70677962526679,524.8276419639587,108.89647129178047
34,2,21.47954773902893,522.5089027881622,103.47239577770233
34,3,18.256064146757126,521.0501272678375,101.21065917611122
34,4,18.218310870230198,520.5017929077148,100.94715985655785
34,5,16.69136108085513,519.6315267086029,99.9891605079174
34,6,15.917923111468554,518.706693649292,100.7900892496109
34,7,15.086672153323889,517.9184010028839,100.78514569997787
34,8,14.4461133107543,517.508058309555,101.12431254982948
34,9,13.871663134545088,517.0955815315247,101.6186145991087
35,0,151.62259390950203,546.1566467285156,202.47705683112144
35,1,28.331221878528595,525.6766927242279,108.58737078309059
35,2,21.314304277300835,522.7074618339539,102.65698051452637
35,3,18.751778326928616,521.2392077445984,101.01900267601013
35,4,17.449040722101927,520.2435076236725,100.17916402220726
35,5,16.926644656807184,519.7390029430389,99.92896446585655
35,6,17.346868868917227,519.5394451618195,99.88337287306786
35,7,15.701281685382128,518.7387020587921,99.7749490737915
35,8,14.92943525314331,517.8807909488678,99.8098241686821
35,9,14.572502374649048,517.8953130245209,100.78222438693047
36,0,158.30243650823832,546.6932597160339,208.6892710030079
36,1,27.989257536828518,525.0236201286316,107.94159066677094
36,2,21.589743085205555,522.1192615032196,103.20732349157333
36,3,18.580410920083523,521.1827325820923,101.42190891504288
36,4,17.902966979891062,520.3524553775787,100.57436400651932
36,5,16.696116019040346,519.3773005008698,100.22420334815979
36,6,15.609468031674623,518.3725607395172,100.52505806088448
36,7,15.23576908186078,517.9348285198212,101.08514034748077
36,8,14.618158735334873,517.3583137989044,101.40521335601807
36,9,13.426224615424871,516.2555434703827,102.01199877262115
37,0,138.7221705839038,544.5349910259247,195.56154105067253
37,1,26.72476451843977,524.5655782222748,107.17419567704201
37,2,21.065997544676065,522.1165952682495,102.60095530748367
37,3,19.124113135039806,521.270658493042,100.94783428311348
37,4,17.049304001033306,519.9398741722107,99.52739632129669
37,5,16.593379110097885,519.4908480644226,99.76355490088463
37,6,16.344944689422846,519.1923849582672,99.91838824748993
37,7,15.139017846435308,518.0988552570343,100.0602355003357
37,8,14.540200669318438,517.677031993866,100.60717687010765
37,9,13.652664717286825,517.159581899643,101.2368756532669
38,0,145.54188673198223,544.5255670547485,199.42988261580467
38,1,27.890256945043802,525.1356439590454,108.18905925750732
38,2,22.211843136698008,522.9966156482697,103.53368616104126
38,3,19.30027461796999,520.8234946727753,101.6720459163189
38,4,17.280128441751003,519.917551279068,100.62797144055367
38,5,16.745709661394358,519.5402436256409,100.09273770451546
38,6,15.971020702272654,518.7274405956268,99.92557281255722
38,7,15.42639597505331,518.3776876926422,100.40449622273445
38,8,14.554822325706482,517.5781633853912,100.84660005569458
38,9,13.817393649369478,516.979496717453,101.52298855781555
39,0,151.39948915690184,546.3698661327362,202.59679481387138
39,1,28.3603429608047,525.5274686813354,108.08015716075897
39,2,22.246603719890118,522.7974553108215,103.10101047158241
39,3,19.20689058676362,521.5150372982025,100.94245249032974
39,4,17.699704572558403,520.5018668174744,100.22569337487221
39,5,17.010924443602562,519.5231158733368,99.97525003552437
39,6,16.2013255096972,518.9664556980133,99.7975082397461
39,7,16.19931362941861,518.7723515033722,99.90953794121742
39,8,15.107731580734253,518.0957498550415,99.99949187040329
39,9,14.741094969213009,517.7290050983429,100.61837050318718
40,0,139.64869479089975,543.6938996315002,194.36253863573074
40,1,28.151638496667147,525.3837118148804,107.3371692597866
40,2,20.977275602519512,522.3940181732178,102.45767891407013
40,3,19.014376770704985,521.2565267086029,100.71611374616623
40,4,17.542461823672056,519.82395195961,100.44390806555748
40,5,16.350024551153183,519.2037637233734,99.88310596346855
40,6,15.848519533872604,518.7248020172119,99.99861332774162
40,7,15.484085001051426,518.1923253536224,101.2857555449009
40,8,14.42615718767047,517.7993369102478,101.42125323414803
40,9,14.13052113354206,516.7897744178772,102.30907931923866
41,0,151.37666196376085,545.6979548931122,205.99459606409073
41,1,27.544925842434168,525.2796289920807,108.56317204236984
41,2,21.639023885130882,522.0202622413635,103.24313160777092
41,3,18.48351337388158,520.6478962898254,101.55828791856766
41,4,17.83046295121312,519.8831050395966,100.58566576242447
41,5,16.63117651641369,519.4446032047272,100.5606580376625
41,6,15.240004520863295,518.2905478477478,100.60792201757431
41,7,15.054802514612675,518.2307298183441,101.15511947870255
41,8,14.549204897135496,517.0890860557556,101.62738832831383
41,9,13.79341927729547,516.9614038467407,102.07637256383896
42,0,160.15240934491158,547.0232272148132,208.03503611683846
42,1,30.10845558345318,525.8309710025787,110.6243956387043
42,2,22.374295253306627,522.5643479824066,104.05211260914803
42,3,18.865203954279423,520.9080922603607,101.83897051215172
42,4,18.513734325766563,520.7016625404358,100.9329454600811
42,5,16.420907765626907,519.6627912521362,100.3908620774746
42,6,15.862954668700695,518.7954843044281,100.3820690214634
42,7,15.916057452559471,518.5686976909637,101.2367959022522
42,8,14.306719549000263,517.5640246868134,101.14966368675232
42,9,13.865651186555624,516.7951602935791,101.33249574899673
43,0,163.2996396496892,547.009628534317,211.23851612210274
43,1,29.007894054055214,526.1861352920532,109.40773645043373
43,2,22.562605191022158,522.9894390106201,103.5019191801548
43,3,18.28216901049018,521.1213355064392,100.88479563593864
43,4,17.594261057674885,519.6455309391022,100.25853097438812
43,5,17.271485421806574,519.5811042785645,100.43945354223251
43,6,16.141025312244892,518.8637425899506,100.62383460998535
43,7,14.969455000013113,517.9103765487671,100.74900916218758
43,8,14.408922109752893,517.4070451259613,101.48605713248253
43,9,13.577290058135986,516.8812971115112,102.15570539236069
44,0,146.83492728322744,544.8045220375061,200.68956610560417
44,1,28.78839822113514,525.2134890556335,108.3880082666874
44,2,21.293353103101254,522.2052216529846,102.48803439736366
44,3,18.43523896858096,521.2304842472076,100.95049035549164
44,4,18.156019549816847,520.3641903400421,100.33491331338882
44,5,17.16188709065318,519.5417540073395,100.69815358519554
44,6,16.09624669328332,518.7621474266052,100.35768973827362
44,7,15.9539345651865,518.5169987678528,100.54102328419685
44,8,14.62327279895544,517.6383905410767,100.89309647679329
44,9,13.51260464079678,516.4928562641144,101.14787355065346
45,0,139.77190952003002,543.926903963089,195.28026893734932
45,1,27.611811202019453,525.5857245922089,107.82661283016205
45,2,21.39808825403452,522.1820714473724,102.41584980487823
45,3,19.013231057673693,521.0101761817932,100.71499937772751
45,4,17.138921976089478,520.0769021511078,99.81720611453056
45,5,16.80810023099184,519.4469547271729,99.63355365395546
45,6,16.034390229731798,519.0890169143677,99.63474470376968
45,7,15.583245757967234,518.2433249950409,100.07747668027878
45,8,14.8735890686512,517.7371516227722,100.27501630783081
45,9,13.618387751281261,516.6984944343567,101.36397698521614
46,0,150.81495188176632,544.9712791442871,204.36891290545464
46,1,26.781093955039978,525.028466463089,107.56007504463196
46,2,21.09327632188797,522.524806022644,102.50944513082504
46,3,19.153166949748993,520.9908306598663,101.09642812609673
46,4,17.49830101430416,520.5501565933228,100.16748851537704
46,5,16.964092534035444,519.6826527118683,100.1208727657795
46,6,15.747310884296894,519.0619804859161,99.67816597223282
46,7,16.09224309772253,518.4987604618073,100.00333860516548
46,8,15.171424619853497,517.990630865097,100.3858485519886
46,9,14.221807353198528,517.0605795383453,100.69371297955513
47,0,151.66772608458996,545.1446099281311,204.38963323831558
47,1,28.813479870557785,525.1849637031555,108.30575308203697
47,2,21.78944218158722,522.5620574951172,103.34970730543137
47,3,18.761426109820604,520.7881379127502,101.1160637140274
47,4,17.85574634000659,519.8808870315552,100.95889809727669
47,5,17.336492009460926,519.44273686409,100.72066029906273
47,6,15.859517328441143,518.5781984329224,100.58760094642639
47,7,15.252266090363264,518.1215841770172,100.36623358726501
47,8,14.197024948894978,517.3026189804077,101.58899089694023
47,9,13.593848668038845,516.5964617729187,101.94116652011871
48,0,160.87411868572235,546.9801454544067,211.30540335178375
48,1,29.521308414638042,526.1706907749176,110.08593815565109
48,2,21.36639391630888,522.6874268054962,103.40401670336723
48,3,19.23044926673174,521.1614887714386,101.5937642455101
48,4,17.334822297096252,519.8738889694214,101.04168808460236
48,5,16.331928689032793,519.6622910499573,100.66551783680916
48,6,16.10183608531952,518.5896787643433,101.18533062934875
48,7,16.017512068152428,518.6490805149078,101.09923931956291
48,8,14.632399298250675,517.1762809753418,101.41168969869614
48,9,13.539980083703995,516.739844083786,102.12931913137436
49,0,148.5380138978362,545.7596032619476,201.75281709432602
49,1,27.142022408545017,525.3014669418335,107.95059698820114
49,2,20.563309650868177,522.3928532600403,102.36137235164642
49,3,19.509020294994116,521.4009625911713,101.29638943076134
49,4,18.147049821913242,520.2927367687225,100.32523819804192
49,5,17.878259599208832,519.562949180603,100.69120022654533
49,6,16.534098107367754,519.0097160339355,99.96551039814949
49,7,15.42116242647171,518.6508479118347,100.11605590581894
49,8,15.144642528146505,517.5446190834045,100.6158067882061
49,9,14.142632719129324,517.3205788135529,101.04320129752159
50,0,147.27718743681908,545.148006439209,200.83332747220993
50,1,27.84646265208721,525.5320596694946,108.19148787856102
50,2,20.64070824161172,521.7564690113068,102.38038268685341
50,3,18.638814374804497,521.1383731365204,100.50157499313354
50,4,17.624885722994804,520.323157787323,100.27837869524956
50,5,16.421372819691896,519.279806137085,99.85165664553642
50,6,16.087140649557114,518.5791962146759,99.89577874541283
50,7,15.304216459393501,518.1000690460205,100.43114769458771
50,8,15.006958369165659,517.6215949058533,101.5034706890583
50,9,13.329915285110474,516.887045621872,101.7038742005825
51,0,140.67450261116028,544.0209641456604,195.93208837509155
51,1,29.272131383419037,524.8389840126038,107.98937174677849
51,2,20.7106021232903,522.2344400882721,102.59837344288826
51,3,18.943821877241135,521.2818586826324,100.7954258620739
51,4,17.301972921937704,520.2212483882904,100.1001957654953
51,5,16.513799089938402,519.0439441204071,99.59778818488121
51,6,16.014495495706797,518.6846947669983,100.17711958289146
51,7,15.305523667484522,518.1435549259186,100.27057719230652
51,8,14.507488582283258,517.3487012386322,100.93525812029839
51,9,14.200869645923376,517.5095546245575,101.26624834537506
52,0,152.19316866248846,545.9766869544983,203.27034735679626
52,1,27.113025069236755,524.5228517055511,107.2654820382595
52,2,21.34490282461047,521.9963703155518,101.94820404052734
52,3,18.42388441041112,520.2245063781738,100.06268885731697
52,4,18.29879952222109,520.0135900974274,100.39323815703392
52,5,16.207665357738733,518.750232219696,99.57767277956009
52,6,15.79281871020794,518.4960775375366,100.23130190372467
52,7,14.746437519788742,517.6318542957306,100.319226115942
52,8,14.185084342956543,517.063042640686,101.30498304963112
52,9,13.62891899049282,516.3836266994476,101.7960304915905
53,0,149.47403476387262,545.3014695644379,202.56610774993896
53,1,28.12652137130499,524.8246541023254,108.50738617777824
53,2,21.135283067822456,522.7799935340881,103.19843155145645
53,3,18.819237135350704,520.8686652183533,101.45535692572594
53,4,17.51303566619754,519.6522214412689,100.45591530203819
53,5,16.916797284036875,519.299230337143,100.686408162117
53,6,16.039267789572477,518.4401290416718,100.69766584038734
53,7,15.217454582452774,518.0808908939362,100.34117168188095
53,8,15.034046791493893,517.8906462192535,100.94097465276718
53,9,13.873954501003027,516.8233649730682,101.50641304254532
54,0,143.9490301012993,543.4417150020599,196.8580519258976
54,1,27.66638768464327,524.9584286212921,107.72328197956085
54,2,20.187234431505203,521.823567867279,102.13242810964584
54,3,18.894577354192734,521.1411128044128,101.06105053424835
54,4,17.893222730606794,519.8950576782227,100.1679137647152
54,5,16.863835357129574,519.3785209655762,100.05344355106354
54,6,16.097342614084482,518.8224568367004,100.30179458856583
54,7,15.22529311478138,518.373087644577,100.32428285479546
54,8,14.927613966166973,517.5539610385895,100.87799263000488
54,9,14.43986477330327,517.4837679862976,100.90414682030678
55,0,147.7274015545845,544.148574590683,201.12274795770645
55,1,29.23968942835927,525.6412620544434,109.17187598347664
55,2,20.255812916904688,522.1341211795807,102.03548303246498
55,3,18.788089249283075,521.0144340991974,100.93941259384155
55,4,17.588110219687223,519.6602468490601,100.39363658428192
55,5,16.99306110665202,519.5591464042664,100.57662826776505
55,6,15.573054254055023,518.5014216899872,100.04380452632904
55,7,15.145643699914217,518.1509399414062,100.39267408847809
55,8,15.315189201384783,517.8074460029602,101.1881032884121
55,9,13.94184597581625,516.8097326755524,101.68210443854332
56,0,156.22694089263678,546.3914313316345,206.97091794013977
56,1,29.038468562066555,525.7881968021393,109.6645133793354
56,2,21.172087661921978,522.4099977016449,103.58482471108437
56,3,19.98192898184061,521.2676882743835,101.49127444624901
56,4,18.01966531202197,520.3090252876282,100.59228140115738
56,5,17.158268555998802,519.7917227745056,100.25938567519188
56,6,16.536148842424154,519.1418857574463,100.44461300969124
56,7,15.555810324847698,518.6357581615448,100.56082710623741
56,8,14.815006602555513,517.8670568466187,100.94998222589493
56,9,14.143656343221664,517.1477551460266,101.12348920106888
57,0,143.6865652576089,544.0929224491119,198.67966613173485
57,1,28.403366785496473,525.864343881607,108.83699178695679
57,2,20.839108623564243,521.9832007884979,102.44454663991928
57,3,18.80340876802802,521.1019113063812,101.07830569148064
57,4,17.869979303330183,520.603289604187,100.48156136274338
57,5,17.415956508368254,519.5149219036102,100.38708689808846
57,6,15.98825815692544,518.7296388149261,99.92156210541725
57,7,15.60053339600563,518.5833072662354,100.56139931082726
57,8,14.248213082551956,517.4005057811737,100.81824797391891
57,9,13.849266823381186,516.8401999473572,101.31846660375595
58,0,150.49237885326147,545.5907542705536,203.80446481704712
58,1,30.509193420410156,525.863852262497,109.6483907699585
58,2,20.96008786186576,522.4534432888031,102.94289284944534
58,3,18.86987267062068,520.7741911411285,101.01831755042076
58,4,18.053816068917513,520.1567769050598,100.37647488713264
58,5,16.735299479216337,519.3621127605438,100.07575187087059
58,6,16.257945224642754,518.7973082065582,100.19900599122047
58,7,15.279620133340359,518.483904838562,100.26471835374832
58,8,14.522477120161057,516.9479432106018,101.40382757782936
58,9,13.866101887077093,516.968047618866,101.22618860006332
59,0,148.30565205961466,545.5687141418457,201.59966549277306
59,1,29.361684530973434,525.6867527961731,108.37619471549988
59,2,21.273575246334076,522.254870891571,102.76246386766434
59,3,18.942720163613558,520.5077922344208,101.63578313589096
59,4,17.441645305603743,519.9880735874176,100.66224238276482
59,5,16.456258457154036,519.1405875682831,100.7392709851265
59,6,15.373114250600338,518.718496799469,100.8908138871193
59,7,14.271357908844948,517.5654242038727,101.62299680709839
59,8,14.080469608306885,516.879465341568,101.89248725771904
59,9,13.10703487507999,516.3644552230835,103.03969252109528
60,0,143.07965264469385,544.1256227493286,198.98594602942467
60,1,28.368488766252995,525.5778484344482,108.2729899585247
60,2,21.649248760193586,522.2918992042542,102.57085183262825
60,3,18.59554870799184,520.715399980545,100.91215288639069
60,4,18.186331398785114,520.2100267410278,100.03400364518166
60,5,16.541243635118008,519.549663066864,99.55369713902473
60,6,16.20175541192293,518.7443315982819,99.84692251682281
60,7,15.510614566504955,518.3400909900665,100.18317461013794
60,8,15.119243416935205,517.9463210105896,100.9400749206543
60,9,13.977485992014408,516.7553305625916,101.79881849884987
61,0,149.66028340160847,544.6971254348755,202.8078494668007
61,1,27.888457641005516,525.0875406265259,107.9888631105423
61,2,20.19668485596776,522.1574244499207,102.0953928232193
61,3,18.505446303635836,520.9278428554535,100.98035857081413
61,4,18.057334687560797,520.4194025993347,100.37434875965118
61,5,17.138276871293783,519.6023852825165,99.92017561197281
61,6,15.862558767199516,519.0225536823273,99.61665466427803
61,7,15.71827232092619,518.5185925960541,99.96094384789467
61,8,15.011472642421722,517.854150056839,100.38439956307411
61,9,13.880449384450912,516.9484858512878,100.79960107803345
62,0,150.35473293066025,545.0132796764374,202.17163601517677
62,1,28.593034591525793,525.4261603355408,108.76222530007362
62,2,20.9991677030921,522.1204013824463,102.48925864696503
62,3,18.94492794945836,521.1141498088837,101.46137499809265
62,4,17.207862719893456,519.8236012458801,99.83808517456055
62,5,16.718545794487,519.6483929157257,100.53458958864212
62,6,16.671771850436926,518.6446051597595,100.80555480718613
62,7,15.68993205204606,518.0208032131195,100.80273726582527
62,8,14.361078657209873,517.1073272228241,101.1600838303566
62,9,13.540790602564812,516.8973077535629,101.5810174047947
63,0,144.38336799293756,543.8743078708649,197.01216265559196
63,1,27.005228586494923,525.1600916385651,107.45166999101639
63,2,21.286706306040287,522.1901528835297,102.20413130521774
63,3,19.498067669570446,521.046300649643,100.86596414446831
63,4,17.656472764909267,519.9826700687408,99.76709777116776
63,5,17.107004582881927,519.6124708652496,99.82621118426323
63,6,16.41113981604576,519.0559532642365,100.07056653499603
63,7,15.65527456998825,518.3392515182495,100.17347756028175
63,8,14.73177269846201,517.5890398025513,101.1801550090313
63,9,13.821236152201891,516.6928596496582,101.75462901592255
64,0,144.91860312968493,544.3698861598969,198.57455405592918
64,1,28.143211528658867,525.4860360622406,107.55934566259384
64,2,21.458371330052614,522.1092097759247,102.94448924064636
64,3,18.716378949582577,520.9032344818115,100.58016377687454
64,4,17.977379336953163,520.2008438110352,99.98407030105591
64,5,16.747843831777573,519.4731819629669,99.71286231279373
64,6,16.60427873209119,519.0678942203522,100.12513864040375
64,7,15.52545466646552,518.246223449707,100.24220180511475
64,8,15.016301855444908,517.859082698822,100.50261878967285
64,9,14.00853692740202,516.8984618186951,101.53446912765503
65,0,151.49226461350918,545.9201729297638,204.2386989891529
65,1,27.68120003864169,525.5301282405853,108.24888777732849
65,2,21.680007927119732,521.947057723999,103.18156659603119
65,3,18.9718433432281,521.1060676574707,101.22036111354828
65,4,18.24981652200222,520.1561005115509,100.6644144654274
65,5,16.82768814638257,519.577376127243,99.92860108613968
65,6,15.647733319550753,518.6672809123993,100.1082301735878
65,7,15.648922704160213,518.6524786949158,100.65591594576836
65,8,14.423161946237087,517.4196827411652,100.7106765806675
65,9,14.25804740935564,517.3415267467499,101.6340269446373
66,0,152.9420743957162,545.8050129413605,204.04557240009308
66,1,30.199888288974762,525.8577535152435,109.16172751784325
66,2,22.42904534190893,522.7375137805939,103.3223237991333
66,3,18.29429456591606,520.9407331943512,101.18602550029755
66,4,17.85406021773815,520.6277482509613,100.62217342853546
66,5,16.68589323759079,519.3288340568542,100.18476101756096
66,6,15.844422083348036,519.0088987350464,100.18365028500557
66,7,16.403294760733843,518.6880462169647,100.8486652970314
66,8,14.32900920137763,517.3859574794769,100.95610550045967
66,9,13.757963441312313,516.8817121982574,101.54640009999275
67,0,148.66438910365105,545.3130068778992,202.34115225076675
67,1,29.019271343946457,526.1210255622864,109.211120814085
67,2,21.1575080268085,522.4101445674896,102.93666228652
67,3,18.57779509946704,521.2880487442017,100.98353999853134
67,4,17.443524476140738,520.0794899463654,100.54254060983658
67,5,17.127293322235346,519.9780995845795,100.36630794405937
67,6,16.2660437785089,519.2667226791382,100.03120890259743
67,7,15.688527058809996,518.6474139690399,100.16544318199158
67,8,14.983413610607386,517.6528267860413,100.62340876460075
67,9,14.142919018864632,517.3988027572632,101.07551220059395
68,0,140.8303017243743,544.4799580574036,197.42116591334343
68,1,26.871620036661625,525.2595448493958,107.37028422951698
68,2,21.061982817947865,522.3641142845154,102.7490966618061
68,3,18.294123619794846,520.7037072181702,101.03477531671524
68,4,16.980069641023874,520.1907775402069,99.95211434364319
68,5,16.47915678471327,519.5657653808594,100.2982471883297
68,6,16.02546528354287,518.5173134803772,100.88495486974716
68,7,15.430866967886686,518.3874604701996,101.01727020740509
68,8,14.329800359904766,517.0170044898987,101.5327317416668
68,9,13.118595868349075,516.0971436500549,102.50021433830261
69,0,154.8123985901475,544.4320077896118,206.03576928377151
69,1,29.39332578331232,525.587427854538,108.79576861858368
69,2,20.963202014565468,522.2875680923462,102.72348576784134
69,3,18.632377985864878,520.791008234024,101.39770463109016
69,4,17.597268916666508,520.2879927158356,100.6050496995449
69,5,15.914035804569721,519.082113981247,100.4480576813221
69,6,15.662352107465267,518.6242821216583,100.63672530651093
69,7,15.745236076414585,518.4318888187408,101.31552165746689
69,8,14.715994447469711,517.5732884407043,101.33093947172165
69,9,13.440502725541592,516.6262010335922,101.89126613736153
70,0,155.06766483187675,546.0651743412018,206.65857899188995
70,1,27.64149935543537,525.934191942215,108.92924430966377
70,2,21.75785068795085,522.4196314811707,103.31318333745003
70,3,18.879358053207397,521.0908279418945,101.528644323349
70,4,16.83495184779167,519.8609611988068,100.2717607319355
70,5,16.04974613711238,519.1012842655182,100.30710136890411
70,6,15.17152826115489,518.2386412620544,101.0398274064064
70,7,15.389458257704973,518.1368153095245,101.90754443407059
70,8,13.666375022381544,516.7491436004639,101.80753833055496
70,9,13.116794859990478,516.7855403423309,102.81400781869888
71,0,144.33952160924673,545.0350730419159,200.06139186024666
71,1,28.083690404891968,525.2632796764374,107.84038758277893
71,2,21.21650142595172,521.9146308898926,102.59116315841675
71,3,18.861513063311577,521.0267341136932,100.76958203315735
71,4,17.262785051018,519.9598920345306,100.3149285018444
71,5,17.04325534403324,519.4469721317291,100.3520365357399
71,6,16.073122285306454,518.6412763595581,100.37379005551338
71,7,15.245887264609337,518.1979734897614,100.97066923975945
71,8,14.653793808072805,517.2645778656006,101.21713408827782
71,9,13.704838771373034,517.3181383609772,101.57271446287632
72,0,152.99212542176247,545.4707698822021,204.04710441827774
72,1,30.257718853652477,526.4088799953461,110.01254817843437
72,2,22.20851708203554,522.4785599708557,103.60472676157951
72,3,19.09828146547079,520.8884136676788,101.40452080965042
72,4,18.13049891591072,520.3827667236328,101.26713326573372
72,5,16.98336873203516,519.6333250999451,101.02311101555824
72,6,15.762556031346321,518.5964589118958,100.28124421834946
72,7,14.79103909432888,517.8718132972717,101.01165303587914
72,8,14.383807599544525,517.4882633686066,101.59281012415886
72,9,14.012212239205837,516.6570632457733,101.89615923166275
73,0,148.10327184945345,543.9839248657227,199.38885232806206
73,1,29.456914640963078,526.1898438930511,109.36992934346199
73,2,21.227137681096792,522.6380228996277,102.961635440588
73,3,18.746503498405218,521.0789172649384,101.2106882929802
73,4,17.23280369862914,520.235374212265,100.33285993337631
73,5,16.667357731610537,518.9421229362488,100.35409182310104
73,6,15.822645798325539,518.8798336982727,100.63533809781075
73,7,15.177302222698927,518.0282173156738,101.06262090802193
73,8,13.984785322099924,516.805602312088,101.54100722074509
73,9,13.051419962197542,516.1645214557648,102.49195522069931
74,0,141.59539208561182,543.6958374977112,196.61308819055557
74,1,27.513741061091423,525.5210046768188,108.0380332171917
74,2,20.944411501288414,522.1003053188324,102.50457215309143
74,3,18.390720166265965,520.9490542411804,100.50211730599403
74,4,17.81608370691538,520.2987451553345,100.06022483110428
74,5,17.619397848844528,519.5090630054474,100.10280072689056
74,6,16.707462050020695,519.7350764274597,99.6781293451786
74,7,16.291408501565456,519.0518112182617,100.214783847332
74,8,14.982906870543957,517.9302105903625,100.22400039434433
74,9,14.736633405089378,517.4707190990448,101.18717044591904
75,0,144.22552002221346,543.7037570476532,198.21602338552475
75,1,28.411161825060844,525.3406913280487,107.78947585821152
75,2,21.337434962391853,521.9256298542023,102.22316470742226
75,3,19.062601521611214,521.1075663566589,101.55614125728607
75,4,17.752913881093264,520.1137170791626,100.07520881295204
75,5,17.827898863703012,519.7216081619263,100.02728742361069
75,6,16.33249881491065,518.7436637878418,99.72367015480995
75,7,14.940052557736635,518.1142158508301,100.17863875627518
75,8,14.746419839560986,517.2913572788239,101.01180943846703
75,9,13.565215710550547,516.5177223682404,101.506162494421
76,0,138.7715571075678,543.1633059978485,196.2675224840641
76,1,28.822011940181255,525.1170041561127,107.66297528147697
76,2,20.018069203943014,522.0823221206665,102.09559673070908
76,3,18.785943929105997,521.2222719192505,100.99222761392593
76,4,17.248561590909958,520.1196281909943,100.07627004384995
76,5,17.31483045592904,519.7068135738373,99.69740906357765
76,6,15.851431138813496,518.6002397537231,99.92720609903336
76,7,15.54237213358283,518.2945036888123,100.35581603646278
76,8,14.676158238202333,517.7582116127014,100.69151037931442
76,9,14.856617230921984,517.4155192375183,101.2070797085762
77,0,148.10801238566637,546.1756601333618,200.8004221022129
77,1,30.128671687096357,526.1944665908813,110.13634037971497
77,2,22.627042710781097,522.8917021751404,103.22885826230049
77,3,19.473284121602774,521.9049022197723,101.27242940664291
77,4,17.979058526456356,520.4125273227692,100.82135900855064
77,5,16.591371420770884,519.8763020038605,99.78569403290749
77,6,16.338385730981827,519.2433845996857,99.98926723003387
77,7,15.587528102099895,518.2540111541748,99.94412133097649
77,8,14.745631285011768,517.8489046096802,100.63235771656036
77,9,14.494494710117579,517.2132334709167,101.18358761072159
78,0,146.4122103303671,545.3270673751831,199.5859091579914
78,1,30.467766050249338,526.0696771144867,109.39909136295319
78,2,21.37724992632866,522.4775650501251,102.85888415575027
78,3,18.5570575222373,520.3874185085297,101.30874624848366
78,4,17.844146065413952,520.1237177848816,100.58611738681793
78,5,16.742219775915146,519.244546175003,100.26116973161697
78,6,15.936221223324537,518.6329789161682,100.61830645799637
78,7,15.361839663237333,518.2302532196045,100.89571404457092
78,8,14.263704869896173,516.9633166790009,101.94696834683418
78,9,13.06110218912363,516.3066571950912,102.06519576907158
79,0,151.5017058700323,545.3151366710663,202.4118889272213
79,1,29.601917285472155,525.725664138794,108.75484201312065
79,2,20.675872173160315,522.2682046890259,102.31564033031464
79,3,18.70477757230401,521.2297172546387,101.41530385613441
79,4,16.984776135534048,519.8974797725677,100.04901641607285
79,5,16.946004327386618,519.7379961013794,100.40666329860687
79,6,15.837342239916325,518.7451891899109,100.41801199316978
79,7,14.980604518204927,518.1162006855011,100.95324885845184
79,8,14.368313405662775,517.5009632110596,101.50046554207802
79,9,13.315060302615166,516.6469097137451,102.35038635134697
80,0,143.92135670781136,544.4753804206848,199.3359673023224
80,1,28.664998658001423,525.4374706745148,108.83626654744148
80,2,21.0533817820251,522.3746111392975,102.72316068410873
80,3,18.69033131375909,521.0423622131348,101.12305268645287
80,4,18.3240512534976,520.9659616947174,100.8226488828659
80,5,16.413345593959093,519.4640560150146,99.96829608082771
80,6,15.98941757157445,518.936338186264,99.94213208556175
80,7,15.653894115239382,518.1423678398132,100.5263922214508
80,8,14.552526723593473,517.4821584224701,100.84043914079666
80,9,13.71616018936038,516.7756786346436,101.93162834644318
81,0,150.69438568502665,545.4432556629181,202.68559515476227
81,1,26.81223240122199,525.5462324619293,107.15760922431946
81,2,20.356969848275185,522.3888478279114,102.57699486613274
81,3,18.38852547481656,520.8145563602448,100.88402926921844
81,4,17.97212041169405,520.1792185306549,100.81086495518684
81,5,16.786052651703358,519.4534487724304,100.10780507326126
81,6,16.091220445930958,518.6169090270996,100.39036044478416
81,7,15.284580830484629,518.436927318573,100.83707183599472
81,8,14.214009005576372,517.2643823623657,101.30885741114616
81,9,13.600155901163816,516.8186728954315,101.75548747181892
82,0,145.21916783601046,544.6226978302002,198.35447666049004
82,1,28.594462051987648,525.4912300109863,108.72467324137688
82,2,21.600885204970837,522.1187949180603,102.8636574447155
82,3,18.931429605931044,520.9146838188171,101.07258236408234
82,4,17.7498582303524,519.8595640659332,100.5219276547432
82,5,17.21267056837678,519.3437762260437,100.33706611394882
82,6,15.516092363744974,518.5432295799255,100.24136665463448
82,7,15.47008704021573,518.1356747150421,100.8909222483635
82,8,14.52757789567113,516.9968802928925,101.27951255440712
82,9,13.57088503986597,516.5248024463654,102.14555794000626
83,0,139.10862600803375,543.495165348053,194.42363461852074
83,1,28.03213930130005,525.7107145786285,108.03388878703117
83,2,21.153838247060776,522.52454662323,102.47940418124199
83,3,19.00606708228588,521.0825893878937,100.81012406945229
83,4,17.17161203175783,520.1984851360321,100.25505656003952
83,5,16.877384427934885,519.485609292984,100.24560317397118
83,6,15.749530993402004,518.5766847133636,100.00253850221634
83,7,14.647277504205704,517.5542459487915,100.97002556920052
83,8,14.118565510958433,517.1304998397827,102.03219377994537
83,9,13.579031970351934,515.894943356514,102.52347326278687
84,0,173.07979820668697,548.6213884353638,218.20339956879616
84,1,37.71802559494972,529.0564942359924,115.01557895541191
84,2,23.37091952562332,524.020366191864,104.82456502318382
84,3,19.63636752590537,521.678201675415,101.99390295147896
84,4,18.996896043419838,520.8587124347687,101.76075246930122
84,5,17.35578490421176,519.9245295524597,100.98785451054573
84,6,16.524858489632607,519.2871289253235,100.89989256858826
84,7,15.805360604077578,518.8209364414215,100.98941779136658
84,8,14.872832402586937,518.0371794700623,100.87531319260597
84,9,13.81220044568181,516.9412617683411,101.75401711463928
85,0,151.01032153517008,546.062700510025,204.323890209198
85,1,27.819312378764153,525.9937081336975,108.77419790625572
85,2,21.413732931017876,522.0507371425629,103.20521947741508
85,3,18.810884304344654,521.0501356124878,101.13454633951187
85,4,18.0215597525239,520.082141160965,100.54975906014442
85,5,16.97443874925375,519.641923904419,100.34081718325615
85,6,16.595513246953487,518.9555442333221,100.85954511165619
85,7,15.232763204723597,518.2125926017761,100.02082845568657
85,8,14.141435164958239,516.8954498767853,101.46548819541931
85,9,13.169746723026037,516.6625878810883,102.13073605298996
86,0,164.64116942882538,547.6331703662872,214.29511159658432
86,1,34.07468373328447,526.9973673820496,112.48207530379295
86,2,22.13068798184395,522.860000371933,104.19526046514511
86,3,18.849584989249706,520.7834761142731,101.28235185146332
86,4,17.895919237285852,520.2752919197083,100.78670606017113
86,5,16.59606783464551,519.4073193073273,100.81922399997711
86,6,16.378330938518047,518.8096354007721,100.98007726669312
86,7,15.102925945073366,517.9293880462646,101.0212396979332
86,8,14.317932952195406,516.9237623214722,101.6160189807415
86,9,13.244687672704458,516.0048279762268,101.93793642520905
87,0,141.52997244149446,545.01695728302,196.8031343817711
87,1,29.227877773344517,525.6423804759979,107.86166790127754
87,2,20.759947672486305,522.201493024826,102.2331280708313
87,3,18.62670349702239,520.9166433811188,100.44154834747314
87,4,17.085781943053007,519.9443769454956,99.38574454188347
87,5,17.45949962362647,520.1114807128906,100.06821772456169
87,6,16.32355273514986,519.078694820404,100.00273969769478
87,7,15.40067033097148,518.3883619308472,100.35193464159966
87,8,15.053802523761988,517.7601232528687,100.33897662162781
87,9,14.171127505600452,517.206827878952,100.88975429534912
88,0,143.39351130276918,544.3042421340942,197.5934864282608
88,1,28.30117692053318,525.1962707042694,108.0908442735672
88,2,21.18976678699255,522.2278637886047,102.33478838205338
88,3,18.743139531463385,521.3365831375122,100.83987802267075
88,4,17.824183709919453,520.5799291133881,100.17144826054573
88,5,16.92318757623434,519.4999134540558,99.85349786281586
88,6,16.467711970210075,519.1495251655579,99.7719900906086
88,7,15.919874545186758,518.6059641838074,100.2117525935173
88,8,15.271991841495037,518.3529205322266,100.26565584540367
88,9,13.988334506750107,517.148782491684,100.7541284263134
89,0,148.22638831287622,545.8661448955536,201.2693895995617
89,1,28.43083229660988,525.1831223964691,108.24347093701363
89,2,21.48184546455741,522.3651223182678,103.45834437012672
89,3,19.20717641711235,521.101592540741,101.20474448800087
89,4,17.39594093337655,520.1753439903259,100.58999636769295
89,5,16.502556148916483,519.5724086761475,100.48818477988243
89,6,15.62337625771761,518.6763820648193,100.35354790091515
89,7,14.833415396511555,517.8018314838409,100.82518637180328
89,8,14.01369770243764,517.0993647575378,101.33649316430092
89,9,13.496344272047281,516.0586059093475,102.3490115404129
90,0,149.70786640048027,545.2008590698242,202.9639791250229
90,1,27.621132627129555,525.9299211502075,108.6311017870903
90,2,20.221276249736547,522.1662621498108,102.731130361557
90,3,19.12422738969326,521.0636112689972,101.69423764944077
90,4,16.845208402723074,519.6892442703247,100.48113709688187
90,5,16.62622958049178,519.5602262020111,100.63399085402489
90,6,15.856357257813215,518.5287923812866,101.24264079332352
90,7,14.814909160137177,517.6587555408478,101.5313350558281
90,8,14.460503932088614,517.4448928833008,101.40616017580032
90,9,13.402127653360367,517.0936543941498,101.96818423271179
91,0,143.71408254653215,545.1015677452087,199.2574573457241
91,1,29.443939365446568,525.4221222400665,108.37101686000824
91,2,21.25110789015889,522.1663312911987,103.27216258645058
91,3,18.710561022162437,521.161349773407,101.11310106515884
91,4,17.46611051261425,520.1584503650665,100.57499152421951
91,5,17.103294521570206,519.8004784584045,100.56543111801147
91,6,15.554358053952456,518.5057487487793,100.27935951948166
91,7,14.992279637604952,518.1915991306305,100.73839461803436
91,8,14.962474897503853,517.8596513271332,101.0439188182354
91,9,13.748727299273014,516.8749239444733,101.30517154932022
92,0,150.87002382427454,545.3695430755615,201.59618470072746
92,1,28.01288516819477,526.1350829601288,108.7025531232357
92,2,22.299925185739994,523.2445096969604,103.34386822581291
92,3,18.864845477044582,520.7736735343933,101.01997673511505
92,4,18.782047029584646,520.3086113929749,100.71403381228447
92,5,16.94567969068885,519.3956892490387,99.90776723623276
92,6,16.672664370387793,519.2952921390533,99.97025001049042
92,7,15.819807291030884,518.3633275032043,99.86214625835419
92,8,14.848753534257412,517.6942250728607,100.30759102106094
92,9,14.109690397977829,516.6243280172348,101.05416879057884
93,0,152.7197381258011,545.443431854248,203.28798574209213
93,1,28.532090216875076,525.7870764732361,108.89341294765472
93,2,21.89975206553936,522.3696327209473,102.79067996144295
93,3,18.74781847372651,520.8707594871521,101.36137688159943
93,4,17.2539621591568,519.9688353538513,100.35779118537903
93,5,16.810448694974184,519.44011926651,100.52160826325417
93,6,15.755232375115156,518.6079485416412,99.94462978839874
93,7,14.868964552879333,517.5637922286987,100.77023670077324
93,8,14.813873816281557,517.6306655406952,101.06233412027359
93,9,13.652792543172836,516.8454372882843,101.88463661074638
94,0,142.91569506376982,545.5275392532349,197.89709350466728
94,1,29.385254614055157,524.9856061935425,108.83899477124214
94,2,21.17121145501733,523.1331532001495,102.82469788193703
94,3,19.00649482384324,521.0623602867126,100.99536362290382
94,4,17.17853408679366,520.3064618110657,100.33811929821968
94,5,17.310490291565657,519.4633557796478,100.10239577293396
94,6,16.161657728254795,518.8059434890747,100.23542192578316
94,7,15.12024550512433,517.9580457210541,100.30327680706978
94,8,14.29820255190134,517.78604388237,101.1331512928009
94,9,13.488081607967615,516.4406845569611,101.83738520741463
95,0,139.73305922746658,543.8350031375885,196.9132164120674
95,1,27.37946480512619,525.198846578598,107.99755302071571
95,2,21.484689936041832,522.3052990436554,102.57349392771721
